<?xml version="1.0" encoding="UTF-8"?>
<!-- ATTENTION - THIS IS AN AUTOMATICALLY GENERATED FILE -->
<!-- Manual changes can cause severe problems and system instability -->
<!-- Apply manual changes only if you have received explicit instructions from dynaTrace Support -->
<dynatrace version="3.2.1.2030">
  <systemprofile repositoryaccess="true" description="" capture="true">
    <technology type="java" />
    <technology type="dotnet" />
    <sensorgroups>
      <sensorgroup>
        <sensor order="0" description="App" hint="Default Sensor Group for Java Method Sensor Rules" group="Methods" type="java" userdefined="false" defaultorder="0" key="com.dynatrace.diagnostics.sensorgroup.method.java.default" />
      </sensorgroup>
      <sensorgroup>
        <sensor order="0" description="App" hint="Default Sensor Group for .Net Method Sensor Rules" group="Methods" type="dotnet" userdefined="false" defaultorder="0" key="com.dynatrace.diagnostics.sensorgroup.method.dotnet.default" />
      </sensorgroup>
      <sensorgroup>
        <sensor order="0" description="App" hint="Default Sensor Group for Java Memory Sensor Rules" group="Memory" type="heap" userdefined="false" defaultorder="0" key="com.dynatrace.diagnostics.sensorgroup.memory.java.default" />
      </sensorgroup>
      <sensorgroup>
        <sensor order="0" description="App" hint="Default Sensor Group for .Net Memory Sensor Rules" group="Memory" type="dotnetheap" userdefined="false" defaultorder="0" key="com.dynatrace.diagnostics.sensorgroup.memory.dotnet.default" />
      </sensorgroup>
    </sensorgroups>
    <measures>
      <measure id="CPU time system" rate="purepath" description="Process CPU time spent in system (kernel) mode." istimeseries="true" ischartable="true" metricid="CPU time system" measuretype="ProcessPerformanceMeasure" isaggregated="false" metricgroupid="Process Performance" displayaggregations="31" displayunit="ns">
        <com.dynatrace.diagnostics.global.processperformancemeasureconfig />
        <color color.blue="128" color.green="192" color.red="192" />
      </measure>
      <measure id="CPU time user" rate="purepath" description="Process CPU time spent in user mode." istimeseries="true" ischartable="true" metricid="CPU time user" measuretype="ProcessPerformanceMeasure" isaggregated="false" metricgroupid="Process Performance" displayaggregations="31" displayunit="ns">
        <com.dynatrace.diagnostics.global.processperformancemeasureconfig />
        <color color.blue="0" color.green="64" color.red="0" />
      </measure>
      <measure id="Execution CPU Time JNDI" apimatch="equals" rate="purepath" istimeseries="true" description="Represents the CPU time that has been spent on methods of the given API without calls to other APIs." ischartable="true" metricid="Execution CPU Time" measuretype="ApiMeasure" api="JNDI" isaggregated="false" metricgroupid="API Breakdown" displayaggregations="31" displayunit="ms">
        <color color.blue="133" color.green="20" color.red="88" />
      </measure>
      <measure id="Execution CPU Time RMI" apimatch="equals" rate="purepath" istimeseries="true" description="Represents the CPU time that has been spent on methods of the given API without calls to other APIs." ischartable="true" metricid="Execution CPU Time" measuretype="ApiMeasure" api="RMI" isaggregated="false" metricgroupid="API Breakdown" displayaggregations="31" displayunit="ms">
        <color color.blue="33" color.green="33" color.red="222" />
      </measure>
      <measure id="Execution CPU Time Servlet" apimatch="equals" rate="purepath" istimeseries="true" description="Represents the CPU time that has been spent on methods of the given API without calls to other APIs." ischartable="true" metricid="Execution CPU Time" measuretype="ApiMeasure" api="Servlet" isaggregated="false" metricgroupid="API Breakdown" displayaggregations="31" displayunit="ms">
        <color color.blue="33" color.green="168" color.red="222" />
      </measure>
      <measure id="Execution CPU Time JDBC" apimatch="equals" rate="purepath" istimeseries="true" description="Represents the CPU time that has been spent on methods of the given API without calls to other APIs." ischartable="true" metricid="Execution CPU Time" measuretype="ApiMeasure" api="JDBC" isaggregated="false" metricgroupid="API Breakdown" displayaggregations="31" displayunit="ms">
        <color color.blue="178" color.green="136" color.red="26" />
      </measure>
      <measure id="Execution CPU Time EJB" apimatch="equals" rate="purepath" istimeseries="true" description="Represents the CPU time that has been spent on methods of the given API without calls to other APIs." ischartable="true" metricid="Execution CPU Time" measuretype="ApiMeasure" api="EJB" isaggregated="false" metricgroupid="API Breakdown" displayaggregations="31" displayunit="ms">
        <color color.blue="33" color.green="222" color.red="222" />
      </measure>
      <measure id="Execution CPU Time Java Web Services" apimatch="equals" rate="purepath" istimeseries="true" description="Represents the CPU time that has been spent on methods of the given API without calls to other APIs." ischartable="true" metricid="Execution CPU Time" measuretype="ApiMeasure" api="Java Web Services" isaggregated="false" metricgroupid="API Breakdown" displayaggregations="31" displayunit="ms">
        <color color.blue="33" color.green="118" color.red="222" />
      </measure>
      <measure id="Execution CPU Time JMS" apimatch="equals" rate="purepath" istimeseries="true" description="Represents the CPU time that has been spent on methods of the given API without calls to other APIs." ischartable="true" metricid="Execution CPU Time" measuretype="ApiMeasure" api="JMS" isaggregated="false" metricgroupid="API Breakdown" displayaggregations="31" displayunit="ms">
        <color color.blue="161" color.green="27" color.red="177" />
      </measure>
      <measure id="Execution CPU Time App" apimatch="equals" rate="purepath" istimeseries="true" description="Represents the CPU time that has been spent on methods of the given API without calls to other APIs." ischartable="true" metricid="Execution CPU Time" measuretype="ApiMeasure" api="App" isaggregated="false" metricgroupid="API Breakdown" displayaggregations="31" displayunit="ms">
        <color color.blue="222" color.green="170" color.red="33" />
      </measure>
      <measure id="Execution CPU Time XA" apimatch="equals" rate="purepath" istimeseries="true" description="Represents the CPU time that has been spent on methods of the given API without calls to other APIs." ischartable="true" metricid="Execution CPU Time" measuretype="ApiMeasure" api="XA" isaggregated="false" metricgroupid="API Breakdown" displayaggregations="31" displayunit="ms">
        <color color.blue="77" color.green="229" color.red="152" />
      </measure>
      <measure id="Execution CPU Time JTA" apimatch="equals" rate="purepath" istimeseries="true" description="Represents the CPU time that has been spent on methods of the given API without calls to other APIs." ischartable="true" metricid="Execution CPU Time" measuretype="ApiMeasure" api="JTA" isaggregated="false" metricgroupid="API Breakdown" displayaggregations="31" displayunit="ms">
        <color color.blue="78" color.green="228" color.red="198" />
      </measure>
      <measure id="Execution CPU Time Hibernate" apimatch="equals" rate="purepath" istimeseries="true" description="Represents the CPU time that has been spent on methods of the given API without calls to other APIs." ischartable="true" metricid="Execution CPU Time" measuretype="ApiMeasure" api="Hibernate" isaggregated="false" metricgroupid="API Breakdown" displayaggregations="31" displayunit="ms">
        <color color.blue="133" color.green="80" color.red="20" />
      </measure>
      <measure id="Execution CPU Time Struts" apimatch="equals" rate="purepath" istimeseries="true" description="Represents the CPU time that has been spent on methods of the given API without calls to other APIs." ischartable="true" metricid="Execution CPU Time" measuretype="ApiMeasure" api="Struts" isaggregated="false" metricgroupid="API Breakdown" displayaggregations="31" displayunit="ms">
        <color color.blue="235" color.green="204" color.red="122" />
      </measure>
      <measure id="Execution CPU Time ADO.NET" apimatch="equals" rate="purepath" istimeseries="true" description="Represents the CPU time that has been spent on methods of the given API without calls to other APIs." ischartable="true" metricid="Execution CPU Time" measuretype="ApiMeasure" api="ADO.NET" isaggregated="false" metricgroupid="API Breakdown" displayaggregations="31" displayunit="ms">
        <color color.blue="178" color.green="136" color.red="26" />
      </measure>
      <measure id="Execution CPU Time ASP.NET" apimatch="equals" rate="purepath" istimeseries="true" description="Represents the CPU time that has been spent on methods of the given API without calls to other APIs." ischartable="true" metricid="Execution CPU Time" measuretype="ApiMeasure" api="ASP.NET" isaggregated="false" metricgroupid="API Breakdown" displayaggregations="31" displayunit="ms">
        <color color.blue="33" color.green="168" color.red="222" />
      </measure>
      <measure id="Execution CPU Time .NET Remoting" apimatch="equals" rate="purepath" istimeseries="true" description="Represents the CPU time that has been spent on methods of the given API without calls to other APIs." ischartable="true" metricid="Execution CPU Time" measuretype="ApiMeasure" api=".NET Remoting" isaggregated="false" metricgroupid="API Breakdown" displayaggregations="31" displayunit="ms">
        <color color.blue="33" color.green="33" color.red="222" />
      </measure>
      <measure id="Execution CPU Time .NET WCF" apimatch="equals" rate="purepath" istimeseries="true" description="Represents the CPU time that has been spent on methods of the given API without calls to other APIs." ischartable="true" metricid="Execution CPU Time" measuretype="ApiMeasure" api=".NET WCF" isaggregated="false" metricgroupid="API Breakdown" displayaggregations="31" displayunit="ms">
        <color color.blue="122" color.green="151" color.red="235" />
      </measure>
      <measure id="Execution CPU Time .NET Web Services" apimatch="equals" rate="purepath" istimeseries="true" description="Represents the CPU time that has been spent on methods of the given API without calls to other APIs." ischartable="true" metricid="Execution CPU Time" measuretype="ApiMeasure" api=".NET Web Services" isaggregated="false" metricgroupid="API Breakdown" displayaggregations="31" displayunit="ms">
        <color color.blue="33" color.green="118" color.red="222" />
      </measure>
      <measure id="Execution Time JNDI" apimatch="equals" rate="purepath" istimeseries="true" description="Represents the time that has been spent on methods of the given API without calls to other APIs." ischartable="true" metricid="Execution Time" measuretype="ApiMeasure" api="JNDI" isaggregated="false" metricgroupid="API Breakdown" displayaggregations="31" displayunit="ms">
        <color color.blue="133" color.green="20" color.red="88" />
      </measure>
      <measure id="Execution Time RMI" apimatch="equals" rate="purepath" istimeseries="true" description="Represents the time that has been spent on methods of the given API without calls to other APIs." ischartable="true" metricid="Execution Time" measuretype="ApiMeasure" api="RMI" isaggregated="false" metricgroupid="API Breakdown" displayaggregations="31" displayunit="ms">
        <color color.blue="33" color.green="33" color.red="222" />
      </measure>
      <measure id="Execution Time dynaTrace Remoting" apimatch="equals" rate="purepath" istimeseries="true" description="Represents the time that has been spent on methods of the given API without calls to other APIs." ischartable="true" metricid="Execution Time" measuretype="ApiMeasure" api="dynaTrace Remoting" isaggregated="false" metricgroupid="API Breakdown" displayaggregations="31" displayunit="ms">
        <color color.blue="26" color.green="26" color.red="178" />
      </measure>
      <measure id="Execution Time Servlet" apimatch="equals" rate="purepath" istimeseries="true" description="Represents the time that has been spent on methods of the given API without calls to other APIs." ischartable="true" metricid="Execution Time" measuretype="ApiMeasure" api="Servlet" isaggregated="false" metricgroupid="API Breakdown" displayaggregations="31" displayunit="ms">
        <color color.blue="33" color.green="168" color.red="222" />
      </measure>
      <measure id="Execution Time JDBC" apimatch="equals" rate="purepath" istimeseries="true" description="Represents the time that has been spent on methods of the given API without calls to other APIs." ischartable="true" metricid="Execution Time" measuretype="ApiMeasure" api="JDBC" isaggregated="false" metricgroupid="API Breakdown" displayaggregations="31" displayunit="ms">
        <color color.blue="178" color.green="136" color.red="26" />
      </measure>
      <measure id="Execution Time EJB" apimatch="equals" rate="purepath" istimeseries="true" description="Represents the time that has been spent on methods of the given API without calls to other APIs." ischartable="true" metricid="Execution Time" measuretype="ApiMeasure" api="EJB" isaggregated="false" metricgroupid="API Breakdown" displayaggregations="31" displayunit="ms">
        <color color.blue="33" color.green="222" color.red="222" />
      </measure>
      <measure id="Execution Time Java Web Services" apimatch="equals" rate="purepath" istimeseries="true" description="Represents the time that has been spent on methods of the given API without calls to other APIs." ischartable="true" metricid="Execution Time" measuretype="ApiMeasure" api="Java Web Services" isaggregated="false" metricgroupid="API Breakdown" displayaggregations="31" displayunit="ms">
        <color color.blue="33" color.green="118" color.red="222" />
      </measure>
      <measure id="Execution Time JMS" apimatch="equals" rate="purepath" istimeseries="true" description="Represents the time that has been spent on methods of the given API without calls to other APIs." ischartable="true" metricid="Execution Time" measuretype="ApiMeasure" api="JMS" isaggregated="false" metricgroupid="API Breakdown" displayaggregations="31" displayunit="ms">
        <color color.blue="161" color.green="27" color.red="177" />
      </measure>
      <measure id="Execution Time App" apimatch="equals" rate="purepath" istimeseries="true" description="Represents the time that has been spent on methods of the given API without calls to other APIs." ischartable="true" metricid="Execution Time" measuretype="ApiMeasure" api="App" isaggregated="false" metricgroupid="API Breakdown" displayaggregations="31" displayunit="ms">
        <color color.blue="222" color.green="170" color.red="33" />
      </measure>
      <measure id="Execution Time XA" apimatch="equals" rate="purepath" istimeseries="true" description="Represents the time that has been spent on methods of the given API without calls to other APIs." ischartable="true" metricid="Execution Time" measuretype="ApiMeasure" api="XA" isaggregated="false" metricgroupid="API Breakdown" displayaggregations="31" displayunit="ms">
        <color color.blue="77" color.green="229" color.red="152" />
      </measure>
      <measure id="Execution Time JTA" apimatch="equals" rate="purepath" istimeseries="true" description="Represents the time that has been spent on methods of the given API without calls to other APIs." ischartable="true" metricid="Execution Time" measuretype="ApiMeasure" api="JTA" isaggregated="false" metricgroupid="API Breakdown" displayaggregations="31" displayunit="ms">
        <color color.blue="78" color.green="228" color.red="198" />
      </measure>
      <measure id="Execution Time Hibernate" apimatch="equals" rate="purepath" istimeseries="true" description="Represents the time that has been spent on methods of the given API without calls to other APIs." ischartable="true" metricid="Execution Time" measuretype="ApiMeasure" api="Hibernate" isaggregated="false" metricgroupid="API Breakdown" displayaggregations="31" displayunit="ms">
        <color color.blue="133" color.green="80" color.red="20" />
      </measure>
      <measure id="Execution Time Struts" apimatch="equals" rate="purepath" istimeseries="true" description="Represents the time that has been spent on methods of the given API without calls to other APIs." ischartable="true" metricid="Execution Time" measuretype="ApiMeasure" api="Struts" isaggregated="false" metricgroupid="API Breakdown" displayaggregations="31" displayunit="ms">
        <color color.blue="235" color.green="204" color.red="122" />
      </measure>
      <measure id="Execution Time ADO.NET" apimatch="equals" rate="purepath" istimeseries="true" description="Represents the time that has been spent on methods of the given API without calls to other APIs." ischartable="true" metricid="Execution Time" measuretype="ApiMeasure" api="ADO.NET" isaggregated="false" metricgroupid="API Breakdown" displayaggregations="31" displayunit="ms">
        <color color.blue="178" color.green="136" color.red="26" />
      </measure>
      <measure id="Execution Time ASP.NET" apimatch="equals" rate="purepath" istimeseries="true" description="Represents the time that has been spent on methods of the given API without calls to other APIs." ischartable="true" metricid="Execution Time" measuretype="ApiMeasure" api="ASP.NET" isaggregated="false" metricgroupid="API Breakdown" displayaggregations="31" displayunit="ms">
        <color color.blue="33" color.green="168" color.red="222" />
      </measure>
      <measure id="Execution Time .NET Remoting" apimatch="equals" rate="purepath" istimeseries="true" description="Represents the time that has been spent on methods of the given API without calls to other APIs." ischartable="true" metricid="Execution Time" measuretype="ApiMeasure" api=".NET Remoting" isaggregated="false" metricgroupid="API Breakdown" displayaggregations="31" displayunit="ms">
        <color color.blue="33" color.green="33" color.red="222" />
      </measure>
      <measure id="Execution Time .NET WCF" apimatch="equals" rate="purepath" istimeseries="true" description="Represents the time that has been spent on methods of the given API without calls to other APIs." ischartable="true" metricid="Execution Time" measuretype="ApiMeasure" api=".NET WCF" isaggregated="false" metricgroupid="API Breakdown" displayaggregations="31" displayunit="ms">
        <color color.blue="122" color.green="151" color.red="235" />
      </measure>
      <measure id="Execution Time .NET Web Services" apimatch="equals" rate="purepath" istimeseries="true" description="Represents the time that has been spent on methods of the given API without calls to other APIs." ischartable="true" metricid="Execution Time" measuretype="ApiMeasure" api=".NET Web Services" isaggregated="false" metricgroupid="API Breakdown" displayaggregations="31" displayunit="ms">
        <color color.blue="33" color.green="118" color.red="222" />
      </measure>
      <measure id="Execution Time .NET Components" apimatch="equals" rate="purepath" istimeseries="true" description="Represents the time that has been spent on methods of the given API without calls to other APIs." ischartable="true" metricid="Execution Time" measuretype="ApiMeasure" api=".NET Components" isaggregated="false" metricgroupid="API Breakdown" displayaggregations="31" displayunit="ms">
        <color color.blue="33" color.green="222" color.red="222" />
      </measure>
      <measure id="Execution Time .NET Logging" apimatch="equals" rate="purepath" istimeseries="true" description="Represents the time that has been spent on methods of the given API without calls to other APIs." ischartable="true" metricid="Execution Time" measuretype="ApiMeasure" api=".NET Logging" isaggregated="false" metricgroupid="API Breakdown" displayaggregations="31" displayunit="ms">
        <color color.blue="177" color.green="222" color.red="33" />
      </measure>
      <measure id="Execution Time .NET Exception" apimatch="equals" rate="purepath" istimeseries="true" description="Represents the time that has been spent on methods of the given API without calls to other APIs." ischartable="true" metricid="Execution Time" measuretype="ApiMeasure" api=".NET Exception" isaggregated="false" metricgroupid="API Breakdown" displayaggregations="31" displayunit="ms">
        <color color.blue="26" color.green="178" color.red="39" />
      </measure>
      <measure id="Committed Memory" rate="purepath" description="Amount of memory that is guaranteed to be available for use by the Java Virtual Machine." istimeseries="true" ischartable="true" metricid="Committed Memory" measuretype="Measure" isaggregated="false" metricgroupid="Java Virtual Machine" displayaggregations="23" displayunit="megabytes">
        <color color.blue="128" color.green="128" color.red="192" />
      </measure>
      <measure id="Loaded Classes" rate="purepath" description="Number of classes that are currently loaded in the Java Virtual Machine." istimeseries="true" ischartable="true" metricid="Loaded Classes" measuretype="Measure" isaggregated="false" metricgroupid="Java Virtual Machine" displayaggregations="23" displayunit="number">
        <color color.blue="64" color.green="64" color.red="64" />
      </measure>
      <measure id="Max Memory" rate="purepath" description="Maximal amount of memory that can be used by the Virtual Machine." istimeseries="true" ischartable="true" metricid="Max Memory" measuretype="Measure" isaggregated="false" metricgroupid="Java Virtual Machine" displayaggregations="23" displayunit="megabytes">
        <color color.blue="64" color.green="64" color.red="192" />
      </measure>
      <measure id="Memory Utilization" rate="purepath" description="Percentage of used memory related to max memory of the Virtual Machine." istimeseries="true" ischartable="true" metricid="Memory Utilization" measuretype="Measure" isaggregated="false" metricgroupid="Java Virtual Machine" displayaggregations="31" displayunit="percent">
        <color color.blue="64" color.green="64" color.red="0" />
      </measure>
      <measure id="Thread Count" rate="purepath" description="Number of live threads including both daemon and non-daemon threads." istimeseries="true" ischartable="true" metricid="Thread Count" measuretype="Measure" isaggregated="false" metricgroupid="Java Virtual Machine" displayaggregations="23" displayunit="number">
        <color color.blue="0" color.green="192" color.red="0" />
      </measure>
      <measure id="Total GC Activations" rate="purepath" description="Number of activations of all garbage collectors registered to the Java Virtual Machine within the last sample interval (10s)." istimeseries="true" ischartable="true" metricid="Total GC Activations" measuretype="Measure" isaggregated="false" metricgroupid="Java Virtual Machine" displayaggregations="31" displayunit="number">
        <color color.blue="64" color.green="192" color.red="0" />
      </measure>
      <measure id="Total GC Collection Time" rate="purepath" description="Collection time of all garbage collectors registered to the Java Virtual Machine within the last sample interval (10s)." istimeseries="true" ischartable="true" metricid="Total GC Collection Time" measuretype="Measure" isaggregated="false" metricgroupid="Java Virtual Machine" displayaggregations="31" displayunit="ms">
        <color color.blue="0" color.green="192" color.red="128" />
      </measure>
      <measure id="Total GC Utilization" rate="purepath" description="Percentage of garbage collection time related to CPU time in the Java Virtual Machine within the last sample interval (10s)." istimeseries="true" ischartable="true" metricid="Total GC Utilization" measuretype="Measure" isaggregated="false" metricgroupid="Java Virtual Machine" displayaggregations="31" displayunit="percent">
        <color color.blue="128" color.green="192" color.red="64" />
      </measure>
      <measure id="Unloaded Classes" rate="purepath" description="Number of unloaded classes since the Java Virtual Machine has started execution." istimeseries="true" ischartable="true" metricid="Unloaded Classes" measuretype="Measure" isaggregated="false" metricgroupid="Java Virtual Machine" displayaggregations="23" displayunit="number">
        <color color.blue="192" color.green="192" color.red="64" />
      </measure>
      <measure id="Used Memory" rate="purepath" description="Amount of memory currently used by the Virtual Machine." istimeseries="true" ischartable="true" metricid="Used Memory" measuretype="Measure" isaggregated="false" metricgroupid="Java Virtual Machine" displayaggregations="31" displayunit="megabytes">
        <color color.blue="0" color.green="128" color.red="64" />
      </measure>
      <measure id=".NET Garbage Collection (# Gen 0)" rate="purepath" description="Number of times the generation 0 objects were garbage collected (Gen 0 GC) per interval." istimeseries="true" ischartable="true" metricid=".NET Garbage Collection (# Gen 0)" measuretype="PerfMonMeasure" isaggregated="false" metricgroupid=".NET Common Language Runtime" displayaggregations="31" displayunit="number">
        <perfmonperformancecounter performanceobject=".NET CLR Memory" instance="{monitored_process}" performancecounter="# Gen 0 Collections" />
        <color color.blue="0" color.green="64" color.red="128" />
      </measure>
      <measure id=".NET Garbage Collection (# Gen 1)" rate="purepath" description="Number of times the generation 1 objects were garbage collected (Gen 1 GC) per interval." istimeseries="true" ischartable="true" metricid=".NET Garbage Collection (# Gen 1)" measuretype="PerfMonMeasure" isaggregated="false" metricgroupid=".NET Common Language Runtime" displayaggregations="31" displayunit="number">
        <perfmonperformancecounter performanceobject=".NET CLR Memory" instance="{monitored_process}" performancecounter="# Gen 1 Collections" />
        <color color.blue="192" color.green="64" color.red="64" />
      </measure>
      <measure id=".NET Garbage Collection (# Gen 2)" rate="purepath" description="Number of times the generation 2 objects were garbage collected (Gen 2 GC) per interval." istimeseries="true" ischartable="true" metricid=".NET Garbage Collection (# Gen 2)" measuretype="PerfMonMeasure" isaggregated="false" metricgroupid=".NET Common Language Runtime" displayaggregations="31" displayunit="number">
        <perfmonperformancecounter performanceobject=".NET CLR Memory" instance="{monitored_process}" performancecounter="# Gen 2 Collections" />
        <color color.blue="128" color.green="128" color.red="128" />
      </measure>
      <measure id=".NET Garbage Collection (% in GC)" rate="purepath" description="Percentage of elapsed time that was spent on performing a Garbage Collection (GC) since the last GC cycle." istimeseries="true" ischartable="true" metricid=".NET Garbage Collection (% in GC)" measuretype="PerfMonMeasure" isaggregated="false" metricgroupid=".NET Common Language Runtime" displayaggregations="7" displayunit="percent">
        <perfmonperformancecounter performanceobject=".NET CLR Memory" instance="{monitored_process}" performancecounter="% Time in GC" />
        <color color.blue="128" color.green="64" color.red="128" />
      </measure>
      <measure id=".NET Memory Consumption (Heap Size Gen 0)" rate="purepath" description="Maximum number of bytes that can be allocated in Generation 0 (Gen 0)." istimeseries="true" ischartable="true" metricid=".NET Memory Consumption (Heap Size Gen 0)" measuretype="PerfMonMeasure" isaggregated="false" metricgroupid=".NET Common Language Runtime" displayaggregations="7" displayunit="bytes">
        <perfmonperformancecounter performanceobject=".NET CLR Memory" instance="{monitored_process}" performancecounter="Gen 0 heap size" />
        <color color.blue="128" color.green="64" color.red="0" />
      </measure>
      <measure id=".NET Memory Consumption (Heap Size Gen 1)" rate="purepath" description="Current number of bytes allocated in Generation 1 (Gen 1)." istimeseries="true" ischartable="true" metricid=".NET Memory Consumption (Heap Size Gen 1)" measuretype="PerfMonMeasure" isaggregated="false" metricgroupid=".NET Common Language Runtime" displayaggregations="7" displayunit="bytes">
        <perfmonperformancecounter performanceobject=".NET CLR Memory" instance="{monitored_process}" performancecounter="Gen 1 heap size" />
        <color color.blue="192" color.green="128" color.red="64" />
      </measure>
      <measure id=".NET Memory Consumption (Heap Size Gen 2)" rate="purepath" description="Current number of bytes allocated in Generation 2 (Gen 2)." istimeseries="true" ischartable="true" metricid=".NET Memory Consumption (Heap Size Gen 2)" measuretype="PerfMonMeasure" isaggregated="false" metricgroupid=".NET Common Language Runtime" displayaggregations="7" displayunit="bytes">
        <perfmonperformancecounter performanceobject=".NET CLR Memory" instance="{monitored_process}" performancecounter="Gen 2 heap size" />
        <color color.blue="128" color.green="64" color.red="192" />
      </measure>
      <measure id=".NET Memory Consumption (Large Object Heap Size)" rate="purepath" description="Current number of bytes allocated for Large Objects (&gt;20KBytes)." istimeseries="true" ischartable="true" metricid=".NET Memory Consumption (Large Object Heap Size)" measuretype="PerfMonMeasure" isaggregated="false" metricgroupid=".NET Common Language Runtime" displayaggregations="7" displayunit="bytes">
        <perfmonperformancecounter performanceobject=".NET CLR Memory" instance="{monitored_process}" performancecounter="Large Object Heap size" />
        <color color.blue="0" color.green="64" color.red="0" />
      </measure>
      <measure id=".NET Memory Consumption (NonPaged)" rate="purepath" description="Amount of non-paged memory used by the monitored .NET Process." istimeseries="true" ischartable="true" metricid=".NET Memory Consumption (NonPaged)" measuretype="PerfMonMeasure" isaggregated="false" metricgroupid=".NET Common Language Runtime" displayaggregations="7" displayunit="bytes">
        <perfmonperformancecounter performanceobject="Process" instance="{monitored_process}" performancecounter="Pool Nonpaged Bytes" />
        <color color.blue="64" color.green="192" color.red="192" />
      </measure>
      <measure id=".NET Memory Consumption (Paged)" rate="purepath" description="Amount of paged memory used by the monitored .NET Process." istimeseries="true" ischartable="true" metricid=".NET Memory Consumption (Paged)" measuretype="PerfMonMeasure" isaggregated="false" metricgroupid=".NET Common Language Runtime" displayaggregations="7" displayunit="bytes">
        <perfmonperformancecounter performanceobject="Process" instance="{monitored_process}" performancecounter="Pool Paged Bytes" />
        <color color.blue="64" color.green="64" color.red="128" />
      </measure>
      <measure id=".NET Memory Consumption (Peak)" rate="purepath" description="The maximum amount of virtual memory that the associated .NET process has requested." istimeseries="true" ischartable="true" metricid=".NET Memory Consumption (Peak)" measuretype="PerfMonMeasure" isaggregated="false" metricgroupid=".NET Common Language Runtime" displayaggregations="7" displayunit="bytes">
        <perfmonperformancecounter performanceobject="Process" instance="{monitored_process}" performancecounter="Virtual Bytes Peak" />
        <color color.blue="192" color.green="192" color.red="128" />
      </measure>
      <measure id=".NET Memory Consumption (Virtual)" rate="purepath" description="Amount of virtual memory used by the monitored .NET Process." istimeseries="true" ischartable="true" metricid=".NET Memory Consumption (Virtual)" measuretype="PerfMonMeasure" isaggregated="false" metricgroupid=".NET Common Language Runtime" displayaggregations="7" displayunit="bytes">
        <perfmonperformancecounter performanceobject="Process" instance="{monitored_process}" performancecounter="Virtual Bytes" />
        <color color.blue="192" color.green="0" color.red="64" />
      </measure>
      <measure id=".NET Processor Time (Privileged)" rate="purepath" description="Percentage of privileged CPU time (time that the process has spent running code inside the operating system core) generated by the monitored .NET Process." istimeseries="true" ischartable="true" metricid=".NET Processor Time (Privileged)" measuretype="PerfMonMeasure" isaggregated="false" metricgroupid=".NET Common Language Runtime" displayaggregations="7" displayunit="percent">
        <perfmonperformancecounter performanceobject="Process" instance="{monitored_process}" performancecounter="% Privileged Time" />
        <color color.blue="128" color.green="64" color.red="192" />
      </measure>
      <measure id=".NET Processor Time (Total)" rate="purepath" description="Percentage of total CPU time (time that the process has spent running code inside the operating system core and in user mode) generated by the monitored .NET Process." istimeseries="true" ischartable="true" metricid=".NET Processor Time (Total)" measuretype="PerfMonMeasure" isaggregated="false" metricgroupid=".NET Common Language Runtime" displayaggregations="7" displayunit="number">
        <perfmonperformancecounter performanceobject="Process" instance="{monitored_process}" performancecounter="% Processor Time" />
        <color color.blue="192" color.green="128" color.red="128" />
      </measure>
      <measure id=".NET Processor Time (User)" rate="purepath" description="Percentage of user CPU time (time that the process has spent running code in user mode) generated by the monitored .NET Process." istimeseries="true" ischartable="true" metricid=".NET Processor Time (User)" measuretype="PerfMonMeasure" isaggregated="false" metricgroupid=".NET Common Language Runtime" displayaggregations="7" displayunit="number">
        <perfmonperformancecounter performanceobject="Process" instance="{monitored_process}" performancecounter="% User Time" />
        <color color.blue="0" color.green="0" color.red="192" />
      </measure>
      <measure id=".NET Thread Count" rate="purepath" description="The number of threads currently active in this .NET process." istimeseries="true" ischartable="true" metricid=".NET Thread Count" measuretype="PerfMonMeasure" isaggregated="false" metricgroupid=".NET Common Language Runtime" displayaggregations="7" displayunit="number">
        <perfmonperformancecounter performanceobject="Process" instance="{monitored_process}" performancecounter="Thread Count" />
        <color color.blue="192" color.green="128" color.red="64" />
      </measure>
      <measure id="Execution Count" rate="purepath" sql="" istimeseries="true" description="Represents the number of executed statements regardless of whether the statement has been prepared before or not." ischartable="true" metricid="Execution Count" measuretype="JdbcMeasure" isaggregated="false" sqlmatch="equals" metricgroupid="Database" displayaggregations="31" displayunit="number">
        <color color.blue="192" color.green="128" color.red="192" />
      </measure>
      <measure id="Preparation Count" rate="purepath" sql="" istimeseries="true" description="Represents the number of preparations that have occurred." ischartable="true" metricid="Preparation Count" measuretype="JdbcMeasure" isaggregated="false" sqlmatch="equals" metricgroupid="Database" displayaggregations="31" displayunit="number">
        <color color.blue="128" color.green="192" color.red="192" />
      </measure>
      <measure logginglevel="" id="Count" rate="purepath" istimeseries="true" description="Number of logged lines per PurePath (optionally filtered by severity)." ischartable="true" metricid="Count" measuretype="LoggingMeasure" isaggregated="false" metricgroupid="Logging" displayaggregations="31" displayunit="number" logginglevelmatch="contains">
        <color color.blue="64" color.green="64" color.red="0" />
      </measure>
      <measure valuetomatch="" methodnamematch="equals" classname="" usedmethod="all" matchignorewhitespaces="false" groupmeasurement="None" evaluation="occurrence" id="Bytes Received" argumentnotomatch="-1" classnamematch="equals" matchcasesensitive="false" rate="purepath" methodname="" istimeseries="true" description="Represents the number of bytes that have been received." ischartable="true" metricid="Bytes Received" measuretype="MethodMeasure" isaggregated="false" match="contains" metricgroupid="Remoting" displayaggregations="31" displayunit="bytes">
        <color color.blue="192" color.green="64" color.red="128" />
      </measure>
      <measure valuetomatch="" methodnamematch="equals" classname="" usedmethod="all" matchignorewhitespaces="false" groupmeasurement="None" evaluation="occurrence" id="Bytes Sent" argumentnotomatch="-1" classnamematch="equals" matchcasesensitive="false" rate="purepath" methodname="" istimeseries="true" description="Represents the number of bytes that have been sent." ischartable="true" metricid="Bytes Sent" measuretype="MethodMeasure" isaggregated="false" match="contains" metricgroupid="Remoting" displayaggregations="31" displayunit="bytes">
        <color color.blue="0" color.green="192" color.red="192" />
      </measure>
      <measure id="PurePath CPU Duration" rate="purepath" description="CPU Duration of the PurePath from the entry event to the exit." istimeseries="true" ischartable="true" metricid="PurePath CPU Duration" measuretype="Measure" isaggregated="false" metricgroupid="PurePaths" displayaggregations="31" displayunit="ms">
        <color color.blue="128" color.green="0" color.red="64" />
      </measure>
      <measure id="PurePath Duration" rate="purepath" description="Duration of a PurePath from the entry event to the exit." istimeseries="true" ischartable="true" metricid="PurePath Duration" measuretype="Measure" isaggregated="false" metricgroupid="PurePaths" displayaggregations="31" displayunit="ms">
        <color color.blue="64" color.green="192" color.red="192" />
      </measure>
      <measure id="Count" rate="purepath" istimeseries="true" description="Number of thrown Exceptions per PurePath (optionally filtered by a throwable class)." ischartable="true" metricid="Count" measuretype="ExceptionMeasure" isaggregated="false" metricgroupid="Exceptions" throwableclassmath="contains" displayaggregations="31" throwableclass="" displayunit="occurrences">
        <color color.blue="192" color.green="64" color.red="192" />
      </measure>
      <measure operationname="" endpoint="" id="Bytes Received" rate="purepath" istimeseries="true" description="Represents the number of bytes received by the Web Service." ischartable="true" endpointmatch="equals" metricid="Bytes Received" measuretype="WebServiceMeasure" isaggregated="false" operationnamematch="equals" metricgroupid="Web Services" displayaggregations="31" displayunit="bytes">
        <color color.blue="0" color.green="0" color.red="0" />
      </measure>
      <measure operationname="" endpoint="" id="Bytes Sent" rate="purepath" istimeseries="true" description="Represents the number of bytes sent by the Web Service." ischartable="true" endpointmatch="equals" metricid="Bytes Sent" measuretype="WebServiceMeasure" isaggregated="false" operationnamematch="equals" metricgroupid="Web Services" displayaggregations="31" displayunit="bytes">
        <color color.blue="128" color.green="64" color.red="0" />
      </measure>
      <measure valuetomatch="" tagging="all" servletargumenttype="none" query="" matchignorewhitespaces="false" uri="" groupmeasurement="None" evaluation="occurrence" id="Bytes Received" servletargument="" matchcasesensitive="false" rate="purepath" urimatch="equals" querymatch="contains" istimeseries="true" description="Represents the number of bytes received by the Web Request." ischartable="true" metricid="Bytes Received" measuretype="ServletMeasure" isaggregated="false" match="contains" metricgroupid="Web Requests" displayaggregations="31" displayunit="bytes">
        <color color.blue="64" color.green="0" color.red="192" />
      </measure>
      <measure valuetomatch="" tagging="all" servletargumenttype="none" query="" matchignorewhitespaces="false" uri="" groupmeasurement="None" evaluation="occurrence" id="Bytes Sent" servletargument="" matchcasesensitive="false" rate="purepath" urimatch="equals" querymatch="contains" istimeseries="true" description="Represents the number of bytes sent by the Web Request." ischartable="true" metricid="Bytes Sent" measuretype="ServletMeasure" isaggregated="false" match="contains" metricgroupid="Web Requests" displayaggregations="31" displayunit="bytes">
        <color color.blue="0" color.green="192" color.red="0" />
      </measure>
    </measures>
    <schedules rev="a3d03da3-55c8-498a-adb4-27d1b48077ad">
      <schedule id="Every 10 Seconds" timezone="Europe/Vienna">
        <trigger recurrmode="seconds" interval="10" endmode="date" repeat="-1" end="0" include="true" begin="1272975391111" />
        <trigger recurrmode="minutes" interval="1" endmode="date" repeat="-1" end="0" include="true" begin="1272975391111">
          <calendar exclude="0" type="WeeklyCalendar" />
          <calendar exclude="0" type="YearlyCalendar" />
        </trigger>
      </schedule>
      <schedule id="Every Minute" timezone="Europe/Vienna">
        <trigger recurrmode="minutes" interval="1" endmode="date" repeat="-1" end="0" include="true" begin="1272894258333">
          <calendar exclude="0" type="WeeklyCalendar" />
          <calendar exclude="0" type="YearlyCalendar" />
        </trigger>
      </schedule>
      <schedule id="Every Hour" timezone="Europe/Vienna">
        <trigger recurrmode="hours" interval="1" endmode="date" repeat="-1" end="0" include="true" begin="0" />
      </schedule>
    </schedules>
    <tasks rev="08813fe5-f499-4133-a48b-8b2f32d1ef65" />
    <monitors rev="08813fe5-f499-4133-a48b-8b2f32d1ef65">
      <task id="WebSphere MQ Queue Monitor" rev="f18532eb-e2ff-42bf-8dc4-766caacea17f" desc="Monitoring of WebSphere MQ objects such as queues, topics..." scheduleref="Every 10 Seconds" hidden="false" target="Embedded dynaTrace Collector" paused="false" type="pluginmonitor" timeout="0">
        <taskdetail executor="MonitorPluginExecutor">
          <monitor>
            <config sourcebundlename="com.dynatrace.plugins.mq" rolekey="com.dynatrace.plugins.mq.monitor" rolesourcebundlename="com.dynatrace.plugins.mq" key="com.dynatrace.plugins.mq" roletype="2">
              <property typeid="string" value="c:\Program Files (x86)\IBM\WebSphere MQ\bin" key="mq.bin.path" />
              <property typeid="list" value="Queue" key="object.type" />
              <property typeid="boolean" value="false" key="forceEnglish" />
              <property typeid="string" value="WMQSOAP.DEMO.QM" key="queueManager.name" />
              <property typeid="string" value="postcard" key="object.name" />
            </config>
          </monitor>
        </taskdetail>
        <measures>
          <measure id="Running" rate="purepath" description="Is 1 if the status is running, otherwise 0. If the queue manager is currently starting or shutting down this is also 0" istimeseries="true" ischartable="true" metricid="Running" measuretype="MonitorMeasure" isaggregated="true" metricgroupid="WebSphere MQ Queue Manager" displayaggregations="31" displayunit="number">
            <configuration subscribed="true" />
            <color color.blue="64" color.green="192" color.red="64" />
          </measure>
          <measure id="Status" rate="purepath" description="Retrieve the current status of the queue manager" istimeseries="true" ischartable="true" metricid="Status" measuretype="MonitorMeasure" isaggregated="true" metricgroupid="WebSphere MQ Queue Manager" displayaggregations="31" displayunit="number">
            <configuration subscribed="true" />
            <color color.blue="0" color.green="64" color.red="0" />
          </measure>
          <measure id="Stopped" rate="purepath" description="Is 1 if the status is ended, otherwise 0. If the queue manager is currently starting or shutting down this is also 0" istimeseries="true" ischartable="true" metricid="Stopped" measuretype="MonitorMeasure" isaggregated="true" metricgroupid="WebSphere MQ Queue Manager" displayaggregations="31" displayunit="number">
            <configuration subscribed="true" />
            <color color.blue="64" color.green="64" color.red="64" />
          </measure>
          <measure id="Duration since last insert" rate="purepath" description="Elapsed time in seconds since the last message was submitted since the queue manager started. &#xD;&#xA;A value is only displayed for this parameter if MONQ is set to a value other than OFF for this queue." istimeseries="true" ischartable="true" metricid="Duration since last insert" measuretype="MonitorMeasure" isaggregated="true" metricgroupid="WebSphere MQ Queue" displayaggregations="31" displayunit="s">
            <configuration subscribed="true" />
            <color color.blue="0" color.green="0" color.red="0" />
          </measure>
          <measure id="Duration since last read" rate="purepath" description="Elapsed time in seconds since the last message retrieval happened since the queue manager started. A message being browsed does not count as a message being retrieved.&#xD;&#xA;A value is only displayed for this parameter if MONQ is set to a value other than OFF for this queue." istimeseries="true" ischartable="true" metricid="Duration since last read" measuretype="MonitorMeasure" isaggregated="true" metricgroupid="WebSphere MQ Queue" displayaggregations="31" displayunit="s">
            <configuration subscribed="true" />
            <color color.blue="64" color.green="0" color.red="128" />
          </measure>
          <measure id="Input handle count" rate="purepath" description="The number of handles that are currently open for input for the queue (either input-shared or input-exclusive). This does not include handles that are open for browse. For shared queues, the number returned applies only to the queue manager generating the reply. The number is not the total for all the queue managers in the queue-sharing group." istimeseries="true" ischartable="true" metricid="Input handle count" measuretype="MonitorMeasure" isaggregated="true" metricgroupid="WebSphere MQ Queue" displayaggregations="31" displayunit="number">
            <configuration subscribed="true" />
            <color color.blue="0" color.green="0" color.red="64" />
          </measure>
          <measure id="Oldest message age" rate="purepath" description="Age, in seconds, of the oldest message on the queue. The maximum displayable value is 999 999 999; if the age exceeds this value, 999 999 999 is displayed. &#xD;&#xA;A value is only displayed for this parameter if MONQ is set to a value other than OFF for this queue." istimeseries="true" ischartable="true" metricid="Oldest message age" measuretype="MonitorMeasure" isaggregated="true" metricgroupid="WebSphere MQ Queue" displayaggregations="31" displayunit="s">
            <configuration subscribed="true" />
            <color color.blue="192" color.green="64" color.red="192" />
          </measure>
          <measure id="Output handle count" rate="purepath" description="This is the number of handles that are currently open for output for the queue. For shared queues, the number returned applies only to the queue manager generating the reply. The number is not the total for all the queue managers in the queue-sharing group." istimeseries="true" ischartable="true" metricid="Output handle count" measuretype="MonitorMeasure" isaggregated="true" metricgroupid="WebSphere MQ Queue" displayaggregations="31" displayunit="number">
            <configuration subscribed="true" />
            <color color.blue="64" color.green="128" color.red="192" />
          </measure>
          <measure id="Queue depth" rate="purepath" description="The current depth of the queue, that is, the number of messages on the queue. This includes both committed messages and uncommitted messages." istimeseries="true" ischartable="true" metricid="Queue depth" measuretype="MonitorMeasure" isaggregated="true" metricgroupid="WebSphere MQ Queue" displayaggregations="31" displayunit="number">
            <configuration subscribed="true" />
            <color color.blue="64" color.green="128" color.red="0" />
          </measure>
          <measure id="Publisher count" rate="purepath" description="The number of applications currently publishing to the topic." istimeseries="true" ischartable="true" metricid="Publisher count" measuretype="MonitorMeasure" isaggregated="true" metricgroupid="WebSphere MQ Topic" displayaggregations="31" displayunit="number">
            <configuration subscribed="true" />
            <color color.blue="128" color.green="0" color.red="64" />
          </measure>
          <measure id="Subscriber count" rate="purepath" description="This is the number of subscribers for this topic string, including durable subscribers who are not currently connected." istimeseries="true" ischartable="true" metricid="Subscriber count" measuretype="MonitorMeasure" isaggregated="true" metricgroupid="WebSphere MQ Topic" displayaggregations="31" displayunit="number">
            <configuration subscribed="true" />
            <color color.blue="128" color.green="128" color.red="0" />
          </measure>
          <measure id="Duration since last message" rate="purepath" description="Elapsed time in seconds since the last message was retrieved." istimeseries="true" ischartable="true" metricid="Duration since last message" measuretype="MonitorMeasure" isaggregated="true" metricgroupid="WebSphere MQ Subscription" displayaggregations="31" displayunit="s">
            <configuration subscribed="true" />
            <color color.blue="128" color.green="0" color.red="0" />
          </measure>
          <measure id="Duration since last restoration" rate="purepath" description="Elapsed time in seconds since the last restoration of the connection." istimeseries="true" ischartable="true" metricid="Duration since last restoration" measuretype="MonitorMeasure" isaggregated="true" metricgroupid="WebSphere MQ Subscription" displayaggregations="31" displayunit="s">
            <configuration subscribed="true" />
            <color color.blue="128" color.green="64" color.red="0" />
          </measure>
          <measure id="Message count" rate="purepath" description="The number of messages that went through." istimeseries="true" ischartable="true" metricid="Message count" measuretype="MonitorMeasure" isaggregated="true" metricgroupid="WebSphere MQ Subscription" displayaggregations="31" displayunit="number">
            <configuration subscribed="true" />
            <color color.blue="64" color.green="128" color.red="192" />
          </measure>
          <measure id="Duration since last message" rate="purepath" description="Elapsed time in seconds since the last message was retrieved." istimeseries="true" ischartable="true" metricid="Duration since last message" measuretype="MonitorMeasure" isaggregated="true" metricgroupid="WebSphere MQ Subscription Metrics" displayaggregations="31" displayunit="s">
            <configuration subscribed="true" />
            <color color.blue="0" color.green="0" color.red="64" />
          </measure>
          <measure id="Duration since last restoration" rate="purepath" description="Elapsed time in seconds since the last restoration of the connection." istimeseries="true" ischartable="true" metricid="Duration since last restoration" measuretype="MonitorMeasure" isaggregated="true" metricgroupid="WebSphere MQ Subscription Metrics" displayaggregations="31" displayunit="s">
            <configuration subscribed="true" />
            <color color.blue="192" color.green="192" color.red="0" />
          </measure>
          <measure id="Message count" rate="purepath" description="The number of messages that went through." istimeseries="true" ischartable="true" metricid="Message count" measuretype="MonitorMeasure" isaggregated="true" metricgroupid="WebSphere MQ Subscription Metrics" displayaggregations="31" displayunit="number">
            <configuration subscribed="true" />
            <color color.blue="128" color.green="64" color.red="0" />
          </measure>
        </measures>
      </task>
      <task id="WebSphere MQ Topic Monitor" rev="0f170671-befa-408d-bc00-f571c8062b5a" desc="Monitoring of WebSphere MQ objects such as queues, topics..." scheduleref="Every 10 Seconds" hidden="false" target="Embedded dynaTrace Collector" paused="false" type="pluginmonitor" timeout="0">
        <taskdetail executor="MonitorPluginExecutor">
          <monitor>
            <config sourcebundlename="com.dynatrace.plugins.mq" rolekey="com.dynatrace.plugins.mq.monitor" rolesourcebundlename="com.dynatrace.plugins.mq" key="com.dynatrace.plugins.mq" roletype="2">
              <property typeid="string" value="c:\Program Files (x86)\IBM\WebSphere MQ\bin" key="mq.bin.path" />
              <property typeid="list" value="Topic" key="object.type" />
              <property typeid="boolean" value="false" key="forceEnglish" />
              <property typeid="string" value="WMQSOAP.DEMO.QM" key="queueManager.name" />
              <property typeid="string" value="Topic" key="object.name" />
            </config>
          </monitor>
        </taskdetail>
        <measures>
          <measure id="Running" rate="purepath" description="Is 1 if the status is running, otherwise 0. If the queue manager is currently starting or shutting down this is also 0" istimeseries="true" ischartable="true" metricid="Running" measuretype="MonitorMeasure" isaggregated="true" metricgroupid="WebSphere MQ Queue Manager" displayaggregations="31" displayunit="number">
            <configuration subscribed="true" />
            <color color.blue="64" color.green="0" color.red="192" />
          </measure>
          <measure id="Status" rate="purepath" description="Retrieve the current status of the queue manager" istimeseries="true" ischartable="true" metricid="Status" measuretype="MonitorMeasure" isaggregated="true" metricgroupid="WebSphere MQ Queue Manager" displayaggregations="31" displayunit="number">
            <configuration subscribed="true" />
            <color color.blue="64" color.green="128" color.red="64" />
          </measure>
          <measure id="Stopped" rate="purepath" description="Is 1 if the status is ended, otherwise 0. If the queue manager is currently starting or shutting down this is also 0" istimeseries="true" ischartable="true" metricid="Stopped" measuretype="MonitorMeasure" isaggregated="true" metricgroupid="WebSphere MQ Queue Manager" displayaggregations="31" displayunit="number">
            <configuration subscribed="true" />
            <color color.blue="192" color.green="128" color.red="64" />
          </measure>
          <measure id="Duration since last insert" rate="purepath" description="Elapsed time in seconds since the last message was submitted since the queue manager started. &#xD;&#xA;A value is only displayed for this parameter if MONQ is set to a value other than OFF for this queue." istimeseries="true" ischartable="true" metricid="Duration since last insert" measuretype="MonitorMeasure" isaggregated="true" metricgroupid="WebSphere MQ Queue" displayaggregations="31" displayunit="s">
            <configuration subscribed="true" />
            <color color.blue="128" color.green="128" color.red="64" />
          </measure>
          <measure id="Duration since last read" rate="purepath" description="Elapsed time in seconds since the last message retrieval happened since the queue manager started. A message being browsed does not count as a message being retrieved.&#xD;&#xA;A value is only displayed for this parameter if MONQ is set to a value other than OFF for this queue." istimeseries="true" ischartable="true" metricid="Duration since last read" measuretype="MonitorMeasure" isaggregated="true" metricgroupid="WebSphere MQ Queue" displayaggregations="31" displayunit="s">
            <configuration subscribed="true" />
            <color color.blue="64" color.green="192" color.red="64" />
          </measure>
          <measure id="Input handle count" rate="purepath" description="The number of handles that are currently open for input for the queue (either input-shared or input-exclusive). This does not include handles that are open for browse. For shared queues, the number returned applies only to the queue manager generating the reply. The number is not the total for all the queue managers in the queue-sharing group." istimeseries="true" ischartable="true" metricid="Input handle count" measuretype="MonitorMeasure" isaggregated="true" metricgroupid="WebSphere MQ Queue" displayaggregations="31" displayunit="number">
            <configuration subscribed="true" />
            <color color.blue="128" color.green="192" color.red="192" />
          </measure>
          <measure id="Oldest message age" rate="purepath" description="Age, in seconds, of the oldest message on the queue. The maximum displayable value is 999 999 999; if the age exceeds this value, 999 999 999 is displayed. &#xD;&#xA;A value is only displayed for this parameter if MONQ is set to a value other than OFF for this queue." istimeseries="true" ischartable="true" metricid="Oldest message age" measuretype="MonitorMeasure" isaggregated="true" metricgroupid="WebSphere MQ Queue" displayaggregations="31" displayunit="s">
            <configuration subscribed="true" />
            <color color.blue="0" color.green="0" color.red="192" />
          </measure>
          <measure id="Output handle count" rate="purepath" description="This is the number of handles that are currently open for output for the queue. For shared queues, the number returned applies only to the queue manager generating the reply. The number is not the total for all the queue managers in the queue-sharing group." istimeseries="true" ischartable="true" metricid="Output handle count" measuretype="MonitorMeasure" isaggregated="true" metricgroupid="WebSphere MQ Queue" displayaggregations="31" displayunit="number">
            <configuration subscribed="true" />
            <color color.blue="0" color.green="0" color.red="128" />
          </measure>
          <measure id="Queue depth" rate="purepath" description="The current depth of the queue, that is, the number of messages on the queue. This includes both committed messages and uncommitted messages." istimeseries="true" ischartable="true" metricid="Queue depth" measuretype="MonitorMeasure" isaggregated="true" metricgroupid="WebSphere MQ Queue" displayaggregations="31" displayunit="number">
            <configuration subscribed="true" />
            <color color.blue="128" color.green="64" color.red="128" />
          </measure>
          <measure id="Publisher count" rate="purepath" description="The number of applications currently publishing to the topic." istimeseries="true" ischartable="true" metricid="Publisher count" measuretype="MonitorMeasure" isaggregated="true" metricgroupid="WebSphere MQ Topic" displayaggregations="31" displayunit="number">
            <configuration subscribed="true" />
            <color color.blue="64" color.green="128" color.red="128" />
          </measure>
          <measure id="Subscriber count" rate="purepath" description="This is the number of subscribers for this topic string, including durable subscribers who are not currently connected." istimeseries="true" ischartable="true" metricid="Subscriber count" measuretype="MonitorMeasure" isaggregated="true" metricgroupid="WebSphere MQ Topic" displayaggregations="31" displayunit="number">
            <configuration subscribed="true" />
            <color color.blue="128" color.green="192" color.red="0" />
          </measure>
          <measure id="Duration since last message" rate="purepath" description="Elapsed time in seconds since the last message was retrieved." istimeseries="true" ischartable="true" metricid="Duration since last message" measuretype="MonitorMeasure" isaggregated="true" metricgroupid="WebSphere MQ Subscription" displayaggregations="31" displayunit="s">
            <configuration subscribed="true" />
            <color color.blue="0" color.green="128" color.red="128" />
          </measure>
          <measure id="Duration since last restoration" rate="purepath" description="Elapsed time in seconds since the last restoration of the connection." istimeseries="true" ischartable="true" metricid="Duration since last restoration" measuretype="MonitorMeasure" isaggregated="true" metricgroupid="WebSphere MQ Subscription" displayaggregations="31" displayunit="s">
            <configuration subscribed="true" />
            <color color.blue="0" color.green="192" color.red="128" />
          </measure>
          <measure id="Message count" rate="purepath" description="The number of messages that went through." istimeseries="true" ischartable="true" metricid="Message count" measuretype="MonitorMeasure" isaggregated="true" metricgroupid="WebSphere MQ Subscription" displayaggregations="31" displayunit="number">
            <configuration subscribed="true" />
            <color color.blue="64" color.green="128" color.red="64" />
          </measure>
          <measure id="Duration since last message" rate="purepath" description="Elapsed time in seconds since the last message was retrieved." istimeseries="true" ischartable="true" metricid="Duration since last message" measuretype="MonitorMeasure" isaggregated="true" metricgroupid="WebSphere MQ Subscription Metrics" displayaggregations="31" displayunit="s">
            <configuration subscribed="true" />
            <color color.blue="0" color.green="0" color.red="64" />
          </measure>
          <measure id="Duration since last restoration" rate="purepath" description="Elapsed time in seconds since the last restoration of the connection." istimeseries="true" ischartable="true" metricid="Duration since last restoration" measuretype="MonitorMeasure" isaggregated="true" metricgroupid="WebSphere MQ Subscription Metrics" displayaggregations="31" displayunit="s">
            <configuration subscribed="true" />
            <color color.blue="192" color.green="192" color.red="0" />
          </measure>
          <measure id="Message count" rate="purepath" description="The number of messages that went through." istimeseries="true" ischartable="true" metricid="Message count" measuretype="MonitorMeasure" isaggregated="true" metricgroupid="WebSphere MQ Subscription Metrics" displayaggregations="31" displayunit="number">
            <configuration subscribed="true" />
            <color color.blue="128" color.green="64" color.red="0" />
          </measure>
        </measures>
      </task>
    </monitors>
    <configurations>
      <configuration id="Default" description="" active="true" />
    </configurations>
    <transactions rev="2cc34dc2-e532-44db-87b9-6825cf8fe861" />
    <incidentrules rev="2667e9fc-0c33-4ca7-9054-c43567155513" />
    <visualizationconfig agentsymbolimagesize="64" agentlabelfontsize="10">
      <visualdata zoom="1.0" sessionid="MQ Monitoring">
        <layouts sessionid="MQ Monitoring">
          <grouplayout />
          <agentlayout />
        </layouts>
      </visualdata>
    </visualizationconfig>
  </systemprofile>
</dynatrace>

